﻿studio_id,name,location,founded_year,website_url
1,Warner Bros. Studios,United States,1970,https://picsum.photos/847/176
2,Universal Studios Hollywood,United States,1987,https://picsum.photos/327/570
3,Paramount Pictures Studios,United States,1994,https://picsum.photos/844/485
4,Walt Disney Studios (Burbank),United States,2012,https://dummyimage.com/113x43
5,Sony Pictures Studios,United States,1974,https://picsum.photos/809/856
6,20th Century Studios,United States,2008,https://picsum.photos/117/376
7,Lionsgate Films,United States,1986,https://placekitten.com/963/244
8,A24,United States,1973,https://picsum.photos/41/526
9,Blumhouse Productions,United States,2001,https://placekitten.com/839/181
10,Miramax Films,United States,1993,https://placekitten.com/22/966
11,Pixar Animation Studios,United States,2012,https://picsum.photos/435/76
12,DreamWorks Animation,United States,1965,https://placekitten.com/494/262
13,Walt Disney Animation Studios,United States,2011,https://picsum.photos/247/647
14,Blue Sky Studios,United States,1959,https://dummyimage.com/41x314
15,Pinewood Studios,United Kingdom,2007,https://dummyimage.com/310x902
16,Shepperton Studios,United Kingdom,1985,https://dummyimage.com/2x1020
17,Warner Bros. Studios (Leavesden),United Kingdom,2010,https://placekitten.com/472/228
18,Ealing Studios,United Kingdom,1991,https://placekitten.com/665/648
19,Elstree Studios,United Kingdom,1965,https://placekitten.com/855/496
20,StudioCanal,France,1956,https://dummyimage.com/992x508
21,Gaumont Film Company,France,1982,https://picsum.photos/470/358
22,EuropaCorp,France,1981,https://placekitten.com/871/137
23,Pathé,France,1999,https://picsum.photos/549/116
24,Studio Babelsberg,Germany,2011,https://placekitten.com/428/226
25,Constantin Film,Germany,1980,https://picsum.photos/124/936
26,UFA Studios,Germany,1956,https://dummyimage.com/69x117
27,Cinecittà Studios,Italy,1971,https://dummyimage.com/664x496
28,Medusa Film,Italy,2010,https://placekitten.com/284/764
29,Ciudad de la Luz Studios,Spain,2007,https://picsum.photos/679/709
30,Banzai Studio,Spain,1962,https://placekitten.com/319/973
31,Vancouver Film Studios,Canada,1973,https://dummyimage.com/97x7
32,Bridge Studios,Canada,1969,https://picsum.photos/877/453
33,North Shore Studios,Canada,1998,https://picsum.photos/868/752
34,Pinewood Toronto Studios,Canada,1994,https://picsum.photos/27/16
35,Cinespace Film Studios,Canada,1961,https://dummyimage.com/394x609
36,Mel's Studios,Canada,2019,https://dummyimage.com/624x676
37,Cineplex Studio,Canada,1986,https://dummyimage.com/76x585
38,Fox Studios Australia,Australia,2019,https://dummyimage.com/50x380
39,Village Roadshow Studios,Australia,1956,https://dummyimage.com/147x31
40,Docklands Studios Melbourne,Australia,1998,https://placekitten.com/290/775
41,Weta Workshop,Australia,1960,https://placekitten.com/51/905
42,Stone Street Studios,Australia,1957,https://placekitten.com/0/502
